0	0.36604622
0	0.36390454
0	0.35308829
0	0.36675085
0	0.35415394
0	0.36033073
0	0.35595314
0	0.34667944
0	0.34869266
0	0.33737426
0	0.36415812
0	0.35568654
0	0.36255779
0	0.35977984
0	0.36914508
0	0.35651861
0	0.35952402
0	0.36129716
0	0.35375700
0	0.35183301
0	0.37291101
0	0.36405176
0	0.35432286
0	0.34679506
0	0.35976433
0	0.37003872
0	0.36079088
0	0.35022167
0	0.34944878
0	0.34933872
0	0.36692145
0	0.36102879
0	0.25449300
0	0.24837739
0	0.25914819
0	0.25672351
0	0.25727300
0	0.24693392
0	0.26268958
0	0.27076682
0	0.25962856
0	0.27952453
0	0.24554128
0	0.25657755
0	0.25524500
0	0.24855895
0	0.24492430
0	0.25133707
0	0.24743544
0	0.24421107
0	0.25287105
0	0.26131361
0	0.23676219
0	0.26068972
0	0.25480652
0	0.26764602
0	0.25891429
0	0.25318282
0	0.24400741
0	0.25343601
0	0.25921828
0	0.25832413
0	0.23978166
0	0.24750423
1	0.18700736
1	0.20144277
1	0.17712180
1	0.20960486
1	0.20229286
1	0.19218278
1	0.21689722
1	0.22261051
1	0.18379734
1	0.23867205
1	0.18499265
1	0.19585786
1	0.19409943
1	0.20810342
1	0.21591456
1	0.22942685
1	0.19054617
1	0.20746967
1	0.22735878
1	0.20762739
1	0.20384598
1	0.18543143
1	0.20263177
1	0.21729211
1	0.20813919
1	0.20256790
1	0.21157657
1	0.19772728
1	0.17691704
1	0.16595291
1	0.17965796
1	0.21411130
2	0.19859642
2	0.18494817
2	0.17515264
2	0.16683815
2	0.19278258
2	0.19554773
2	0.17794432
2	0.22538342
2	0.20488586
2	0.22573929
2	0.19981661
2	0.17717540
2	0.20095450
2	0.19472495
2	0.21995901
2	0.24706831
2	0.19748971
2	0.21604699
2	0.21889384
2	0.16414595
2	0.18848776
2	0.21447762
2	0.21478967
2	0.21836324
2	0.16795893
2	0.18182383
2	0.19375927
2	0.18408373
2	0.19708683
2	0.18462412
2	0.18733546
2	0.19831775
3	0.18241299
3	0.20307370
3	0.19755488
3	0.17697683
3	0.18804107
3	0.18535712
3	0.20032837
3	0.18228386
3	0.19831250
3	0.22156723
3	0.18302239
3	0.20096618
3	0.19055762
3	0.17252737
3	0.19186035
3	0.17345638
3	0.17937589
3	0.17774471
3	0.18846320
3	0.18820195
3	0.19234073
3	0.19529466
3	0.19030276
3	0.21687801
3	0.22847137
3	0.21084410
3	0.20365151
3	0.19165391
3	0.18830637
3	0.17887287
3	0.20832795
3	0.18589090
4	0.17738322
4	0.18510321
4	0.19867652
4	0.19168342
4	0.19853729
4	0.17582448
4	0.19467629
4	0.20314490
4	0.17963375
4	0.20433001
4	0.21481200
4	0.17813001
4	0.19906524
4	0.18997440
4	0.20223411
4	0.18180265
4	0.18476410
4	0.19003044
4	0.18416926
4	0.17157862
4	0.18706274
4	0.20460974
4	0.20802867
4	0.19130098
4	0.22983113
4	0.18400944
4	0.18836397
4	0.20454789
4	0.18048105
4	0.17314396
4	0.20936353
4	0.20398745
5	0.20910118
5	0.22112283
5	0.16152933
5	0.17871861
5	0.19159691
5	0.17690020
5	0.18059398
5	0.18440637
5	0.18698809
5	0.16829901
5	0.15264050
5	0.19585505
5	0.20856027
5	0.16259887
5	0.19151712
5	0.17215211
5	0.18928883
5	0.20321063
5	0.20556395
5	0.20573449
5	0.17498136
5	0.18085963
5	0.17978553
5	0.20901965
5	0.17149296
5	0.21315346
5	0.17925423
5	0.18419709
5	0.14463883
5	0.19112138
5	0.17576502
5	0.19481715
6	0.21653756
6	0.18209956
6	0.20241683
6	0.22868006
6	0.18773491
6	0.19649579
6	0.18132212
6	0.19303949
6	0.18672160
6	0.19934503
6	0.19585326
6	0.19607500
6	0.20346521
6	0.18329310
6	0.16568062
6	0.21214782
6	0.19211972
6	0.20425485
6	0.18138128
6	0.19282256
6	0.19548131
6	0.18093625
6	0.21679098
6	0.18351792
6	0.18211402
6	0.20611450
6	0.17881293
6	0.15842237
6	0.18484049
6	0.16030931
6	0.19381414
6	0.21201092
7	0.19873744
7	0.18180500
7	0.20674950
7	0.18509204
7	0.17229938
7	0.19662497
7	0.20079025
7	0.17940097
7	0.15459174
7	0.17026656
7	0.19176580
7	0.20766006
7	0.16965629
7	0.16105211
7	0.19866489
7	0.20902828
7	0.19576513
7	0.21482893
7	0.17510177
7	0.19256157
7	0.18936742
7	0.15360408
7	0.20008555
7	0.15635387
7	0.17295246
7	0.19787597
7	0.17318023
7	0.16167649
7	0.16124662
7	0.14877408
7	0.20398508
7	0.20501626
8	0.21503983
8	0.16193539
8	0.16975200
8	0.18478301
8	0.20691780
8	0.16849848
8	0.18324382
8	0.17061213
8	0.16571378
8	0.18096606
8	0.16223940
8	0.18830670
8	0.17434446
8	0.17507095
8	0.15811055
8	0.18787021
8	0.17293222
8	0.14933599
8	0.19554354
8	0.17455533
8	0.18753289
8	0.17002309
8	0.14716879
8	0.18607836
8	0.21600288
8	0.18470115
8	0.17633179
8	0.20159833
8	0.16434622
8	0.17075952
8	0.19404475
8	0.17675002
9	0.19735460
9	0.20417119
9	0.19809188
9	0.16214282
9	0.21950219
9	0.14531251
9	0.18170567
9	0.18523838
9	0.17982412
9	0.19867507
9	0.17858090
9	0.19094765
9	0.20535182
9	0.17356474
9	0.20255763
9	0.17983383
9	0.20946857
9	0.18352834
9	0.17887407
9	0.18856514
9	0.19267887
9	0.18036263
9	0.19162951
9	0.21193813
9	0.17606656
9	0.15801733
9	0.16832400
9	0.16966689
9	0.20324290
9	0.19582641
9	0.18382173
9	0.18321676
10	0.17364609
10	0.16068303
10	0.16052712
10	0.17728567
10	0.17423598
10	0.14480590
10	0.17659853
10	0.20218652
10	0.15709488
10	0.18905955
10	0.20602097
10	0.18789046
10	0.18909447
10	0.18638639
10	0.14288135
10	0.19962776
10	0.22485447
10	0.19186373
10	0.17908201
10	0.15546129
10	0.19437632
10	0.14087858
10	0.20320493
10	0.16418517
10	0.16633639
10	0.15933997
10	0.13703898
10	0.18345884
10	0.15726506
10	0.16226216
10	0.16518630
10	0.17418691
11	0.18654774
11	0.19773237
11	0.18140929
11	0.20926531
11	0.15614618
11	0.17872563
11	0.21044455
11	0.22921390
11	0.19803318
11	0.18948893
11	0.16287270
11	0.14595800
11	0.17873667
11	0.19539199
11	0.18972319
11	0.17561231
11	0.17874863
11	0.13518858
11	0.16624824
11	0.16599924
11	0.14054492
11	0.17016209
11	0.18138041
11	0.19656845
11	0.17099001
11	0.17208452
11	0.16971668
11	0.18745233
11	0.17768235
11	0.14613358
11	0.18478636
11	0.18942956
12	0.14303573
12	0.16126010
12	0.19530298
12	0.22436556
12	0.17196546
12	0.17497681
12	0.15198896
12	0.15007812
12	0.18113089
12	0.18423899
12	0.19855016
12	0.18779719
12	0.16897518
12	0.15641810
12	0.19986116
12	0.18548954
12	0.15758976
12	0.14397337
12	0.18691908
12	0.18556379
12	0.16966205
12	0.16492936
12	0.18929282
12	0.19386971
12	0.19824245
12	0.19136590
12	0.20450836
12	0.17156030
12	0.15089078
12	0.19222379
12	0.17355495
12	0.16975149
13	0.16742138
13	0.18488359
13	0.18929146
13	0.21536683
13	0.16261003
13	0.14115185
13	0.14629107
13	0.19601559
13	0.17468866
13	0.17922378
13	0.18446796
13	0.15024124
13	0.19641917
13	0.15160245
13	0.18304968
13	0.19163014
13	0.15991865
13	0.15843340
13	0.16014395
13	0.18832409
13	0.15786447
13	0.20124507
13	0.16042969
13	0.22052745
13	0.13673932
13	0.15483469
13	0.18359084
13	0.16379801
13	0.19255899
13	0.15354253
13	0.18163533
13	0.17712190
14	0.19476155
14	0.20753401
14	0.18245145
14	0.17649738
14	0.19008163
14	0.18001676
14	0.20118117
14	0.14426326
14	0.17999966
14	0.19123204
14	0.15065903
14	0.16401239
14	0.15806211
14	0.15750268
14	0.17104153
14	0.14890084
14	0.21787755
14	0.21356309
14	0.16660376
14	0.16704349
14	0.19281242
14	0.15881195
14	0.17089412
14	0.19839006
14	0.17223165
14	0.16678710
14	0.17794832
14	0.17629644
14	0.22429679
14	0.16796400
14	0.17794268
14	0.18370763
15	0.17010765
15	0.18378639
15	0.17896265
15	0.17350535
15	0.21433662
15	0.19800464
15	0.19996605
15	0.18134905
15	0.16426184
15	0.18465754
15	0.18483217
15	0.19866021
15	0.14376346
15	0.18229847
15	0.21273807
15	0.17784889
15	0.17310464
15	0.17269082
15	0.19555552
15	0.18098800
15	0.14130940
15	0.19181243
15	0.16992354
15	0.21049065
15	0.18753747
15	0.17419712
15	0.15252109
15	0.21220925
15	0.18050588
15	0.17681622
15	0.16811783
15	0.18104190
16	0.15534908
16	0.16208678
16	0.18265239
16	0.17428135
16	0.17461488
16	0.16675121
16	0.18099809
16	0.21232256
16	0.15771658
16	0.17475013
16	0.21762017
16	0.18286064
16	0.15444077
16	0.17533208
16	0.17151669
16	0.19248693
16	0.16429267
16	0.16361324
16	0.16678858
16	0.17450253
16	0.18079014
16	0.15670080
16	0.16398666
16	0.18111233
16	0.17403686
16	0.16189518
16	0.18715481
16	0.19877213
16	0.16543524
16	0.15733664
16	0.15102301
16	0.18356232
17	0.17617909
17	0.21006422
17	0.18728730
17	0.15988354
17	0.18269642
17	0.14877205
17	0.16900820
17	0.18981803
17	0.18626215
17	0.17715689
17	0.14942863
17	0.18857231
17	0.19656406
17	0.20284647
17	0.18971951
17	0.16802526
17	0.16534543
17	0.16166790
17	0.18461437
17	0.14909380
17	0.15692473
17	0.17750289
17	0.18339798
17	0.18358936
17	0.18839400
17	0.15798772
17	0.20457862
17	0.20050707
17	0.19956803
17	0.20213315
17	0.18933054
17	0.20285496
18	0.18789149
18	0.21615944
18	0.17966405
18	0.19524944
18	0.19724718
18	0.18843828
18	0.16573525
18	0.17640771
18	0.16373312
18	0.18170242
18	0.16596552
18	0.19169960
18	0.20153602
18	0.16671358
18	0.13363513
18	0.17299638
18	0.19972553
18	0.17898425
18	0.20920266
18	0.21995335
18	0.18731432
18	0.15821512
18	0.17472131
18	0.16169255
18	0.16034436
18	0.19893376
18	0.17180562
18	0.19079269
18	0.18215767
18	0.17886832
18	0.20785399
18	0.19531957
19	0.16799760
19	0.20408084
19	0.16031933
19	0.19395966
19	0.17694149
19	0.22048659
19	0.17562987
19	0.17603522
19	0.16467713
19	0.18348565
19	0.15037198
19	0.19635425
19	0.18676167
19	0.22979369
19	0.18302739
19	0.14305909
19	0.21082352
19	0.18546472
19	0.18850649
19	0.18414357
19	0.22511971
19	0.18873140
19	0.14455432
19	0.19847913
19	0.20414245
19	0.19132137
19	0.15979383
19	0.16346641
19	0.17166581
19	0.17118959
19	0.20815195
19	0.17875735
20	0.17397126
20	0.17521066
20	0.16892420
20	0.17912742
20	0.17504372
20	0.16508687
20	0.17936293
20	0.17306671
20	0.20555390
20	0.15263532
20	0.18403029
20	0.21531006
20	0.21258226
20	0.17798809
20	0.16778694
20	0.18001210
20	0.17726019
20	0.15467805
20	0.20622159
20	0.17270577
20	0.18055360
20	0.22395801
20	0.16063913
20	0.18528872
20	0.19747387
20	0.17388283
20	0.18148439
20	0.20530492
20	0.16126683
20	0.16587442
20	0.19192769
20	0.12947189
21	0.19698509
21	0.20560685
21	0.18588002
21	0.17458173
21	0.13708279
21	0.16396801
21	0.17416523
21	0.18133969
21	0.16520636
21	0.20309250
21	0.17839029
21	0.16595216
21	0.20260579
21	0.15089559
21	0.20363071
21	0.14878713
21	0.16472042
21	0.20014680
21	0.18065593
21	0.14420068
21	0.16735612
21	0.17264813
21	0.14378403
21	0.20082525
21	0.20610924
21	0.17090543
21	0.17964559
21	0.22389705
21	0.17206536
21	0.20337606
21	0.18501354
21	0.19408021
22	0.15818889
22	0.15343817
22	0.19497974
22	0.14698907
22	0.19073587
22	0.16400816
22	0.19920837
22	0.18900475
22	0.16762630
22	0.17751881
22	0.15324029
22	0.18149477
22	0.16537873
22	0.18334732
22	0.18437479
22	0.18759873
22	0.15390710
22	0.17799725
22	0.16085214
22	0.21431674
22	0.17372039
22	0.15508405
22	0.18089757
22	0.16975146
22	0.14550839
22	0.19907433
22	0.16551361
22	0.17292804
22	0.22039243
22	0.18553183
22	0.19750219
22	0.21181278
23	0.20843749
23	0.14259006
23	0.19190359
23	0.16754625
23	0.16583503
23	0.20577079
23	0.19056412
23	0.16511224
23	0.18835498
23	0.19351389
23	0.16799979
23	0.18271284
23	0.15364007
23	0.16566558
23	0.20924589
23	0.14711336
23	0.18707180
23	0.16752625
23	0.18470617
23	0.17816161
23	0.22188860
23	0.19163575
23	0.21567644
23	0.18749985
23	0.14759345
23	0.17755998
23	0.15767303
23	0.21038440
23	0.16190493
23	0.18919849
23	0.15150566
23	0.18020892
24	0.17159674
24	0.18684115
24	0.20609265
24	0.14850207
24	0.19996383
24	0.16511380
24	0.17326175
24	0.21698622
24	0.16817775
24	0.17006885
24	0.16947882
24	0.16809800
24	0.17841599
24	0.16437551
24	0.24129420
24	0.18007271
24	0.19135124
24	0.20877925
24	0.17552435
24	0.18587620
24	0.16159030
24	0.19681157
24	0.20078500
24	0.24166994
24	0.18371063
24	0.18880312
24	0.17831035
24	0.19638563
24	0.17001264
0	0.32919298
0	0.36731882
0	0.36164241
0	0.33936697
0	0.34975348
0	0.34838457
0	0.36195329
0	0.36447352
0	0.36347697
0	0.36209146
0	0.34297689
0	0.35354147
0	0.35747826
0	0.33740629
0	0.34858299
0	0.34939890
0	0.35415482
0	0.36087317
0	0.35340642
0	0.34958819
0	0.36108816
0	0.35292048
0	0.36309321
0	0.35760426
0	0.35049104
0	0.35329662
0	0.34239111
0	0.34829965
0	0.35152927
0	0.36366313
0	0.36124576
0	0.36378766
1	0.20126378
1	0.18473739
1	0.18799612
1	0.22808209
1	0.21869952
1	0.21348662
1	0.17961692
1	0.17280512
1	0.20482388
1	0.20643462
1	0.20983326
1	0.19785076
1	0.17262158
1	0.17765587
1	0.20895854
1	0.18973575
1	0.18385962
1	0.21578446
1	0.22436706
1	0.23090659
1	0.20887947
1	0.19266918
1	0.21155841
1	0.19258223
1	0.18140938
1	0.17186911
1	0.16461059
1	0.21023298
1	0.19317546
1	0.18699040
1	0.19041095
1	0.20975566
2	0.20260155
2	0.20593827
2	0.17221066
2	0.17978302
2	0.21204282
2	0.18591140
2	0.19968558
2	0.21833654
2	0.20970823
2	0.19934121
2	0.19105175
2	0.18118689
2	0.16563019
2	0.16801738
2	0.20538545
2	0.13807657
2	0.18956260
2	0.17889618
2	0.21171469
2	0.20063206
2	0.19436667
2	0.19189151
2	0.14190120
2	0.16577942
2	0.19695590
2	0.18860586
2	0.20213913
2	0.21189965
2	0.18492222
2	0.19346351
2	0.18763196
2	0.19451398
3	0.16840962
3	0.16292161
3	0.19019492
3	0.21614121
3	0.15254821
3	0.19032745
3	0.21360178
3	0.19292907
3	0.18066618
3	0.18161643
3	0.20927139
3	0.18762240
3	0.19034779
3	0.20703377
3	0.15355703
3	0.16902080
3	0.16588534
3	0.17212624
3	0.19266495
3	0.20016221
3	0.21334650
3	0.17231023
3	0.21492003
3	0.21836546
3	0.15205426
3	0.20128795
3	0.18628829
3	0.16696007
3	0.18457750
3	0.17528679
3	0.15424733
3	0.16244585
4	0.18058587
4	0.18922721
4	0.17121069
4	0.20171237
4	0.17911747
4	0.19666325
4	0.16948467
4	0.18534674
4	0.21551069
4	0.19035395
4	0.18791684
4	0.19749931
4	0.19183199
4	0.19744730
4	0.18511203
4	0.18122984
4	0.19104270
4	0.22007133
4	0.18331336
4	0.17572297
4	0.19081933
4	0.17164223
4	0.15638948
4	0.20051660
4	0.18185723
4	0.17964138
4	0.20592312
4	0.21694218
4	0.15096820
4	0.18393293
4	0.19266053
4	0.20536770
5	0.17358592
5	0.14800459
5	0.18003148
5	0.19892188
5	0.16352797
5	0.22420703
5	0.19396291
5	0.17898379
5	0.19431127
5	0.16958425
5	0.20978652
5	0.18893312
5	0.17937598
5	0.16345007
5	0.22133619
5	0.20072154
5	0.17932897
5	0.18753105
5	0.18413641
5	0.22052044
5	0.16382874
5	0.19628708
5	0.14903829
5	0.17018879
5	0.20798445
5	0.20176395
5	0.20871088
5	0.16878328
5	0.18165726
5	0.18892707
5	0.19852367
5	0.18242246
6	0.17805018
6	0.18686188
6	0.19210012
6	0.19202744
6	0.20385177
6	0.19578754
6	0.16365137
6	0.15968813
6	0.15098277
6	0.16521273
6	0.18316964
6	0.15898756
6	0.17182705
6	0.18665319
6	0.16518637
6	0.21702238
6	0.19989980
6	0.18457313
6	0.19964267
6	0.19824303
6	0.17648753
6	0.17800605
6	0.17810946
6	0.15672878
6	0.18561689
6	0.15156307
6	0.17757304
6	0.18968130
6	0.18242523
6	0.16407751
6	0.18146443
6	0.20109194
7	0.20666342
7	0.17285128
7	0.18059396
7	0.18039900
7	0.20419476
7	0.15801866
7	0.19607739
7	0.18538332
7	0.19990670
7	0.16720659
7	0.16272525
7	0.16610178
7	0.17468256
7	0.18953050
7	0.15787576
7	0.17948488
7	0.16039208
7	0.18114821
7	0.15935932
7	0.19352531
7	0.20245342
7	0.19338136
7	0.18097943
7	0.19330776
7	0.18284491
7	0.15583849
7	0.16676647
7	0.18420530
7	0.18465430
7	0.20834810
7	0.19953009
7	0.20637582
8	0.17465662
8	0.26048773
8	0.18268613
8	0.17541333
8	0.18714888
8	0.16494184
8	0.18753837
8	0.19333993
8	0.21461522
8	0.19066943
8	0.19231979
8	0.21264558
8	0.19670105
8	0.14042923
8	0.16521440
8	0.17024682
8	0.18001021
8	0.16197319
8	0.17813971
8	0.19141411
8	0.18515497
8	0.15551918
8	0.22636328
8	0.17747012
8	0.18950856
8	0.20444334
8	0.19719619
8	0.17447962
8	0.17261979
8	0.16613631
8	0.17791462
8	0.14938299
9	0.18357495
9	0.19942815
9	0.16004698
9	0.18146383
9	0.18829371
9	0.19586365
9	0.13532938
9	0.17562669
9	0.15086398
9	0.19955916
9	0.19134454
9	0.18936030
9	0.20105205
9	0.17585445
9	0.15237608
9	0.15823703
9	0.21982707
9	0.15847996
9	0.18921889
9	0.17298372
9	0.19479774
9	0.19086713
9	0.14754085
9	0.18770167
9	0.17195900
9	0.16731241
9	0.13995709
9	0.17106877
9	0.19827356
9	0.17127329
9	0.19865223
9	0.18247621
10	0.16603531
10	0.17120587
10	0.19656088
10	0.19976767
10	0.17263040
10	0.18825632
10	0.17805215
10	0.19463955
10	0.17525959
10	0.17450616
10	0.15489270
10	0.16689084
10	0.20768519
10	0.16799160
10	0.16030799
10	0.20601822
10	0.20472795
10	0.19313978
10	0.18370040
10	0.17894738
10	0.20997740
10	0.18990122
10	0.21335959
10	0.17314124
10	0.16174571
10	0.17680399
10	0.16945429
10	0.18648427
10	0.19145184
10	0.17573836
10	0.15325717
10	0.17863229
11	0.16981001
11	0.18951569
11	0.17302197
11	0.15986097
11	0.14447583
11	0.19675383
11	0.15476654
11	0.18481765
11	0.18330718
11	0.19451452
11	0.19990375
11	0.13690185
11	0.17347055
11	0.17588791
11	0.15479311
11	0.16840107
11	0.20708882
11	0.18454646
11	0.20127420
11	0.18277598
11	0.18601060
11	0.18338980
11	0.16087348
11	0.15291226
11	0.17743891
11	0.20814601
11	0.22627821
11	0.19372333
11	0.20963567
11	0.15735166
11	0.18254187
11	0.18463855
12	0.13333105
12	0.20314698
12	0.18407564
12	0.14663264
12	0.16780063
12	0.17153740
12	0.17367991
12	0.18938563
12	0.21953610
12	0.17608596
12	0.20273706
12	0.17691372
12	0.15782137
12	0.19893609
12	0.17369799
12	0.17528661
12	0.19462611
12	0.17301008
12	0.16305408
12	0.18091749
12	0.17251068
12	0.15315745
12	0.17097124
12	0.17105025
12	0.16578082
12	0.19230954
12	0.19690393
12	0.18031589
12	0.17873376
12	0.15232891
12	0.18858879
12	0.16077412
13	0.20725833
13	0.17970781
13	0.18228895
13	0.16654186
13	0.15914743
13	0.19071281
13	0.19562518
13	0.19173145
13	0.17938544
13	0.16407258
13	0.17901741
13	0.21848314
13	0.16715283
13	0.19992620
13	0.19275476
13	0.20104985
13	0.11903618
13	0.16844535
13	0.17382170
13	0.18448422
13	0.14928975
13	0.17334389
13	0.19678588
13	0.14697161
13	0.17433922
13	0.19216292
13	0.18390245
13	0.20091141
13	0.15371227
13	0.18947273
13	0.16913486
13	0.16471222
14	0.19929093
14	0.19002076
14	0.16195098
14	0.19976243
14	0.17334256
14	0.20355782
14	0.23198966
14	0.18874513
14	0.19346847
14	0.16825791
14	0.20931433
14	0.15347503
14	0.18955932
14	0.19611405
14	0.21080610
14	0.20754601
14	0.15402595
14	0.15573997
14	0.18499592
14	0.16114009
14	0.17017063
14	0.20773564
14	0.17123321
14	0.19725551
14	0.16635194
14	0.19657689
14	0.19862764
14	0.15402968
14	0.14911108
14	0.17185273
14	0.17449363
14	0.14547043
15	0.20609043
15	0.16997993
15	0.17580764
15	0.18422123
15	0.18297954
15	0.18632332
15	0.18247287
15	0.17023488
15	0.19795050
15	0.18658861
15	0.17591555
15	0.19095057
15	0.15975459
15	0.18106144
15	0.18364664
15	0.19352615
15	0.18532233
15	0.17967500
15	0.17880137
15	0.20525699
15	0.17412920
15	0.17244354
15	0.17723707
15	0.21064888
15	0.17050953
15	0.19592500
15	0.21679016
15	0.14680442
15	0.16333977
15	0.18273769
15	0.19282534
15	0.20937894
16	0.19785248
16	0.18947033
16	0.16204904
16	0.19785036
16	0.17676958
16	0.15865157
16	0.19069177
16	0.17413488
16	0.17373249
16	0.17445551
16	0.21337044
16	0.17690073
16	0.18013337
16	0.17268692
16	0.19685149
16	0.20156732
16	0.19746493
16	0.18617397
16	0.16192019
16	0.18291997
16	0.15488504
16	0.16724665
16	0.16277176
16	0.20020687
16	0.16446703
16	0.15191848
16	0.18563382
16	0.17481192
16	0.20885830
16	0.17897937
16	0.18417341
16	0.19764735
17	0.17116567
17	0.19092927
17	0.20605258
17	0.18108016
17	0.17104020
17	0.17176107
17	0.19286579
17	0.20223925
17	0.18303909
17	0.16154404
17	0.20483682
17	0.16472768
17	0.20553490
17	0.17585256
17	0.17995918
17	0.16295615
17	0.15427297
17	0.16918377
17	0.17962302
17	0.17882449
17	0.18124196
17	0.18099820
17	0.21447661
17	0.18011135
17	0.16181234
17	0.18732750
17	0.18678624
17	0.13663721
17	0.19489509
17	0.17480101
17	0.17917996
17	0.18802889
18	0.15425655
18	0.17002939
18	0.17037926
18	0.17092195
18	0.15369393
18	0.19165166
18	0.18166413
18	0.14985137
18	0.17679391
18	0.16054693
18	0.21272458
18	0.17920900
18	0.14486617
18	0.17187814
18	0.18577959
18	0.19281452
18	0.17852973
18	0.17725772
18	0.21833417
18	0.17146081
18	0.16104071
18	0.21166426
18	0.17334684
18	0.18007109
18	0.13172280
18	0.17504918
18	0.19909190
18	0.22140053
18	0.18968859
18	0.17592895
18	0.22526068
18	0.17411834
19	0.18660072
19	0.19688954
19	0.19248138
19	0.15874342
19	0.16514244
19	0.16487843
19	0.17606758
19	0.16515438
19	0.19899408
19	0.18467659
19	0.16574508
19	0.17447050
19	0.18509332
19	0.18895495
19	0.21093006
19	0.15089608
19	0.23073450
19	0.19102935
19	0.17044443
19	0.11993663
19	0.15297583
19	0.15764634
19	0.16352929
19	0.16258472
19	0.19065405
19	0.18837200
19	0.16831558
19	0.16126885
19	0.20417575
19	0.17147817
19	0.20436809
19	0.16964143
20	0.19377012
20	0.16497900
20	0.21210900
20	0.20239068
20	0.17672574
20	0.17978494
20	0.21214894
20	0.16632810
20	0.22679647
20	0.16958836
20	0.18727093
20	0.17888858
20	0.14187060
20	0.17891651
20	0.16593348
20	0.19231443
20	0.16783492
20	0.18133147
20	0.18307475
20	0.19133520
20	0.18632142
20	0.15069338
20	0.16362528
20	0.15595251
20	0.19598963
20	0.17102904
20	0.18156739
20	0.18175881
20	0.16693318
20	0.20163331
20	0.16574177
20	0.17474218
21	0.15620256
21	0.17840459
21	0.20934938
21	0.16544492
21	0.16011314
21	0.21135394
21	0.17115613
21	0.15582954
21	0.16735280
21	0.17637134
21	0.18514436
21	0.18959222
21	0.17756586
21	0.20488711
21	0.15676414
21	0.19035363
21	0.21136246
21	0.18740687
21	0.17514646
21	0.16802825
21	0.14230028
21	0.15268099
21	0.13027373
21	0.21602746
21	0.17440202
21	0.13746023
21	0.18691978
21	0.17453702
21	0.18074154
21	0.16772423
21	0.15733153
21	0.15930330
22	0.17837240
22	0.19511697
22	0.17726039
22	0.17167202
22	0.18083923
22	0.20200539
22	0.18698076
22	0.19619578
22	0.16527043
22	0.17682253
22	0.19687949
22	0.18748306
22	0.21364737
22	0.16765711
22	0.20293058
22	0.19629175
22	0.20036483
22	0.20834504
22	0.20277598
22	0.19300827
22	0.16282587
22	0.18095853
22	0.20962281
22	0.18552645
22	0.17882082
22	0.18481033
22	0.16872441
22	0.18260929
22	0.18962516
22	0.17593484
22	0.18290680
22	0.14602542
23	0.14699054
23	0.18299806
23	0.17655191
23	0.19053923
23	0.17494099
23	0.17599047
23	0.15521521
23	0.17930538
23	0.17348819
23	0.16820029
23	0.17608026
23	0.18411534
23	0.16990625
23	0.19829514
23	0.22971257
23	0.17939560
23	0.16416316
23	0.19666671
23	0.20431531
23	0.14858464
23	0.16514203
23	0.18539938
23	0.18473726
23	0.17389911
23	0.19333345
23	0.16457902
23	0.17856082
23	0.17800923
23	0.13968532
23	0.19980450
23	0.16364809
23	0.16641820
24	0.18485887
24	0.18483573
24	0.14428556
24	0.17001396
24	0.18487344
24	0.18003260
24	0.18513801
24	0.16807073
24	0.24234210
24	0.17833590
24	0.14804223
24	0.18501967
24	0.20889963
24	0.18991466
24	0.21191566
24	0.19424583
24	0.17559378
24	0.16862005
24	0.17618952
24	0.21099276
24	0.18023762
24	0.17178963
24	0.19017154
24	0.19864704
24	0.15688715
24	0.18349361
24	0.17041557
24	0.17870054
24	0.20280642
24	0.18149035
24	0.17392710
24	0.16412088
25	0.19751607
25	0.18977299
25	0.14770486
25	0.17680865
25	0.21053162
25	0.18827760
25	0.18335546
25	0.17075990
25	0.20739410
25	0.18758123
25	0.19908343
25	0.14016857
25	0.17034481
25	0.17102825
25	0.20490546
25	0.16341491
25	0.19845044
25	0.15805058
25	0.18157553
25	0.23163882
25	0.16632836
25	0.20180766
25	0.16125834
25	0.14590976
25	0.17865364
25	0.13414328
25	0.15385839
25	0.15831186
25	0.17650888
25	0.16806942
25	0.23000259
25	0.22747091
26	0.16489268
26	0.19139583
26	0.20408196
26	0.15848474
26	0.16690118
26	0.14942547
26	0.19111365
26	0.17387052
26	0.17669213
26	0.18428720
26	0.18067466
26	0.21308258
26	0.18895900
26	0.19238122
26	0.22262190
26	0.12722494
26	0.18333954
26	0.15173866
26	0.17913641
26	0.18703943
26	0.18014747
26	0.16224056
26	0.19399059
26	0.19503097
26	0.16262360
26	0.20908183
26	0.20420013
26	0.15266190
26	0.20699267
26	0.16981748
26	0.15972051
26	0.16512662
27	0.18448221
27	0.18975872
27	0.17014181
27	0.16469885
27	0.21878112
27	0.18655522
27	0.19092082
27	0.13982289
27	0.21215999
27	0.15995060
27	0.15315258
27	0.17868247
27	0.16362100
27	0.15965402
27	0.17184772
27	0.19377460
27	0.21295627
27	0.18328636
27	0.15898553
27	0.19820118
27	0.20187515
27	0.16883880
27	0.19576906
27	0.18779247
27	0.17565617
27	0.18355065
27	0.17331439
27	0.17785981
27	0.19395764
27	0.18484376
27	0.17266401
27	0.15496938
28	0.18717881
28	0.19336835
28	0.17885892
28	0.17267509
28	0.19087620
28	0.19785125
28	0.20284703
28	0.20407008
28	0.16557830
28	0.18175697
28	0.17587892
28	0.14762210
28	0.18298776
28	0.15338976
28	0.16946222
28	0.17710998
28	0.17869337
28	0.17517799
28	0.18666586
28	0.18203547
28	0.16861492
28	0.17494461
28	0.20742640
28	0.16961387
28	0.17408610
28	0.16437619
28	0.15482193
28	0.21364651
28	0.17187845
28	0.14241703
28	0.21458449
28	0.21253531
29	0.17992528
29	0.17502760
29	0.20765025
29	0.14685648
29	0.17999666
29	0.22395124
29	0.16775033
29	0.16962919
29	0.17143448
29	0.18730927
29	0.18329846
29	0.17829436
29	0.18969436
29	0.18779199
29	0.19196509
29	0.17712578
29	0.16147566
29	0.16720697
29	0.15867458
29	0.22752617
29	0.17316174
29	0.18096755
29	0.16415443
29	0.20171326
29	0.22110949
29	0.16462581
29	0.17604496
29	0.14265981
29	0.20102341
29	0.17024626
29	0.19717037
29	0.20845756
30	0.18186218
30	0.17848049
30	0.16442766
30	0.19707164
30	0.17653291
30	0.20121045
30	0.19770672
30	0.16309629
30	0.17728535
30	0.19183578
30	0.18457826
30	0.15135328
30	0.18343118
30	0.15861084
30	0.17688550
30	0.16305033
30	0.14380803
30	0.17937766
30	0.19425869
30	0.19486488
30	0.19296225
30	0.16359197
30	0.14960805
30	0.19435277
30	0.18933574
30	0.16969553
30	0.20015316
30	0.17501394
30	0.19746290
30	0.18643669
30	0.19516904
30	0.18894765
31	0.17779448
31	0.17809569
31	0.18053983
31	0.19938371
31	0.17885231
31	0.14293125
31	0.20456025
31	0.17912955
31	0.18223940
31	0.16409573
31	0.19114946
31	0.19136378
31	0.19008187
31	0.19422534
31	0.15942215
31	0.17689011
31	0.19788684
31	0.19491639
31	0.18947798
31	0.18517629
31	0.17401078
31	0.22759739
31	0.18006165
31	0.17283564
31	0.16379360
31	0.20683735
31	0.17018900
31	0.16454417
31	0.16923895
31	0.20887894
31	0.14997460
31	0.20831539
32	0.20006654
32	0.18595565
32	0.17185792
32	0.16715275
32	0.17198379
32	0.17977077
32	0.16829777
32	0.18092771
32	0.16934623
32	0.16645690
32	0.16079859
32	0.18692005
32	0.17849455
32	0.14416771
32	0.16688594
32	0.16358825
32	0.20307976
32	0.19291792
32	0.17717272
32	0.18217307
32	0.18428396
32	0.18650919
32	0.18757746
32	0.17486819
32	0.18348450
32	0.20441545
32	0.21955895
32	0.17225833
32	0.18579267
32	0.23558174
32	0.14363198
32	0.19464048
33	0.16778398
33	0.18854136
33	0.22012780
33	0.16739246
33	0.18843786
33	0.20892428
33	0.20194706
33	0.18910674
33	0.15173499
33	0.17186486
33	0.17833196
33	0.19067663
33	0.22906456
33	0.15511946
33	0.16277538
33	0.16872085
33	0.16247520
33	0.15567242
33	0.22027702
33	0.16755160
33	0.18609901
33	0.18313311
33	0.17889247
33	0.19182360
33	0.15936381
33	0.19946530
33	0.16645527
33	0.13866238
33	0.17661492
33	0.17766932
33	0.17942429
33	0.18525046
34	0.18339804
34	0.21106056
34	0.16883490
34	0.15897874
34	0.18575160
34	0.17794306
34	0.17816605
34	0.17616015
34	0.19855071
34	0.14482790
34	0.19490306
34	0.20723840
34	0.16681218
34	0.19533656
34	0.19344743
34	0.19129294
34	0.18467099
34	0.17010197
34	0.17016236
34	0.15249382
34	0.18003651
34	0.15987455
34	0.17148170
34	0.18737657
34	0.19828321
34	0.20170723
34	0.20162527
34	0.18446513
34	0.21736201
34	0.17805677
34	0.19425204
34	0.17756789
35	0.15282001
35	0.17836314
35	0.18789234
35	0.14679251
35	0.16387636
35	0.16042495
35	0.16863516
35	0.15883375
35	0.17229126
35	0.15716191
35	0.17253555
35	0.17122958
35	0.15230417
35	0.16384779
35	0.15000942
35	0.19627986
35	0.14739093
35	0.22837393
35	0.16728566
35	0.20135422
35	0.16509582
35	0.18126077
35	0.18705980
35	0.16798496
35	0.17292204
35	0.18337739
35	0.15830731
35	0.18415817
35	0.18994138
35	0.16646725
35	0.16052340
35	0.18151501
36	0.18997321
36	0.17431695
36	0.19589854
36	0.19675625
36	0.14927142
36	0.14480182
36	0.16287383
36	0.20280007
36	0.19920163
36	0.18619938
36	0.17338149
36	0.17585727
36	0.17318242
36	0.19117352
36	0.19363299
36	0.13172583
36	0.17991475
36	0.15769123
36	0.18587987
36	0.18776384
36	0.17678534
36	0.18271921
36	0.19541992
36	0.18615569
36	0.16770226
36	0.19961039
36	0.17616392
36	0.19325888
36	0.19469283
36	0.19863964
36	0.16244857
36	0.19863569
37	0.16506780
37	0.17168637
37	0.18125981
37	0.15807848
37	0.18721032
37	0.15787423
37	0.17555213
37	0.18983642
37	0.17337383
37	0.16792733
37	0.15659109
37	0.14967239
37	0.19972033
37	0.20103762
37	0.21029037
37	0.16878220
37	0.17848851
37	0.17962526
37	0.18354325
37	0.17281899
37	0.17129116
37	0.18638289
37	0.15156057
37	0.15856251
37	0.16019319
37	0.21418189
37	0.19644583
37	0.16264048
37	0.18181511
37	0.17278230
37	0.17282952
37	0.15115464
38	0.17174478
38	0.18803502
38	0.15753820
38	0.19344504
38	0.15935351
38	0.20681344
38	0.16101800
38	0.17324691
38	0.17206468
38	0.18293645
38	0.19544727
38	0.17434396
38	0.17502614
38	0.17117251
38	0.19305946
38	0.16263124
38	0.19204389
38	0.19516303
38	0.16941098
38	0.17828628
38	0.19023862
38	0.19554026
38	0.12535986
38	0.15418935
38	0.18414922
38	0.19432326
38	0.19399969
38	0.17795094
38	0.15378020
38	0.15266185
38	0.18983540
38	0.16914118
39	0.16690832
39	0.16272866
39	0.20184982
39	0.18355123
39	0.15971406
39	0.17952303
39	0.15845727
39	0.19950750
39	0.17460430
39	0.15074147
39	0.20945978
39	0.18775625
39	0.17912368
39	0.17221713
39	0.16194782
39	0.16196757
39	0.20116595
39	0.19954271
39	0.19488976
39	0.18658172
39	0.17934286
39	0.17418811
39	0.23029084
39	0.18888950
39	0.19323594
39	0.19114320
39	0.17166954
39	0.15639891
39	0.19938225
39	0.18174816
39	0.17821726
39	0.16782658
40	0.18061989
40	0.20125705
40	0.21813340
40	0.19108961
40	0.20301980
40	0.17186335
40	0.18393369
40	0.21937330
40	0.20019415
40	0.17413593
40	0.17273135
40	0.18369710
40	0.15657778
40	0.21844383
40	0.20344941
40	0.16310862
40	0.19105623
40	0.16632241
40	0.20995971
40	0.14271678
40	0.18257001
40	0.16549626
40	0.14395180
40	0.17968326
40	0.14572507
40	0.16329159
40	0.18052273
40	0.15581709
40	0.16651221
40	0.14167270
40	0.22077152
40	0.17885508
41	0.16774816
41	0.17252487
41	0.13806970
41	0.19479211
41	0.13783233
41	0.17281713
41	0.17198213
41	0.14873667
41	0.18809238
41	0.20477331
41	0.15551588
41	0.15140135
41	0.15356905
41	0.16325507
41	0.17213595
41	0.18003317
41	0.19017973
41	0.17130780
41	0.14049165
41	0.19393659
41	0.20578754
41	0.21120045
41	0.16293127
41	0.14633113
41	0.17764865
41	0.17701432
41	0.18576696
41	0.17696313
41	0.17993666
41	0.15880670
41	0.17332706
41	0.16922545
42	0.19443720
42	0.22035270
42	0.17070668
42	0.14510659
42	0.21396345
42	0.16481834
42	0.16467042
42	0.14726425
42	0.16940973
42	0.15068442
42	0.17663488
42	0.15486296
42	0.16315781
42	0.17543743
42	0.18530353
42	0.17259968
42	0.17644186
42	0.17902280
42	0.15220645
42	0.17105536
42	0.19658617
42	0.16989748
42	0.18024643
42	0.20406796
42	0.18223704
42	0.19146434
42	0.24033427
42	0.15443689
42	0.16730374
42	0.19332360
42	0.16929854
42	0.16699180
43	0.17224830
43	0.16776647
43	0.19619452
43	0.15587133
43	0.19159386
43	0.16282219
43	0.18836706
43	0.17701403
43	0.20456953
43	0.21158783
43	0.20714815
43	0.20452971
43	0.18543718
43	0.14777354
43	0.16884244
43	0.16970870
43	0.17131128
43	0.15063103
43	0.19852880
43	0.16093561
43	0.18733165
43	0.19268181
43	0.17608214
43	0.15732956
43	0.18800760
43	0.16181803
43	0.16367714
43	0.19665270
43	0.16434076
43	0.20058754
43	0.15156984
43	0.20697317
44	0.16820565
44	0.16780140
44	0.18316061
44	0.17292795
44	0.18718839
44	0.18883283
44	0.16511360
44	0.17240475
44	0.19213038
44	0.16748212
44	0.14256242
44	0.16091055
44	0.16632908
44	0.17845559
44	0.18153024
44	0.15079946
44	0.18734942
44	0.19413011
44	0.13688470
44	0.17191198
44	0.15738516
44	0.16284740
44	0.17671681
44	0.16268700
44	0.20402907
44	0.19649268
44	0.19623324
44	0.16415899
44	0.18833304
44	0.19037287
44	0.20686268
44	0.17774709
45	0.19785249
45	0.21332185
45	0.18245387
45	0.18190444
45	0.15268566
45	0.16584717
45	0.17295567
45	0.15198595
45	0.15792759
45	0.16946338
45	0.17791819
45	0.18362339
45	0.16249523
45	0.17270679
45	0.19691452
45	0.18868672
45	0.17085524
45	0.17116612
45	0.18948793
45	0.22277484
45	0.20158845
45	0.17740452
45	0.18008833
45	0.20685106
45	0.17149175
45	0.15606143
45	0.17595437
45	0.19850899
45	0.18463932
45	0.16044548
45	0.14550687
45	0.14727959
46	0.16165981
46	0.19124898
46	0.20195251
46	0.16763790
46	0.14737763
46	0.18432706
46	0.19421892
46	0.20751745
46	0.20269808
46	0.17794976
46	0.21549063
46	0.22134095
46	0.18527043
46	0.21123881
46	0.17355083
46	0.16472511
46	0.15908091
46	0.18161007
46	0.17441981
46	0.14468697
46	0.17421301
46	0.13693438
46	0.17187491
46	0.16814122
46	0.19805622
46	0.16381934
46	0.17452771
46	0.19853459
46	0.15793751
46	0.18423775
46	0.15043023
46	0.18426970
47	0.19275204
47	0.20593092
47	0.18111336
47	0.17319436
47	0.20561919
47	0.16917210
47	0.21677955
47	0.15476387
47	0.17252173
47	0.15145738
47	0.15583987
47	0.17601281
47	0.19131580
47	0.17828903
47	0.15256288
47	0.20818814
47	0.19669381
47	0.16173448
47	0.17526226
47	0.19648350
47	0.16065386
47	0.16680387
47	0.15369197
47	0.17579409
47	0.20992418
47	0.17028018
47	0.18855171
47	0.21053670
47	0.15757079
47	0.19254167
47	0.19954873
47	0.21798660
48	0.17403612
48	0.14864764
48	0.19690345
48	0.15250259
48	0.18284597
48	0.15815569
48	0.16638605
48	0.22546829
48	0.16771369
48	0.18570969
48	0.16720964
48	0.16291866
48	0.19356087
48	0.19591240
48	0.17841257
48	0.20293292
48	0.19667379
48	0.16456838
48	0.16180127
48	0.19300797
48	0.15754725
48	0.14917491
48	0.19264203
48	0.15529880
48	0.15833325
48	0.19003489
48	0.17102010
48	0.17416564
48	0.16074628
48	0.16769435
48	0.18104028
48	0.18188795
49	0.19272052
49	0.19227816
49	0.19514962
49	0.17290093
49	0.18740487
49	0.15769795
49	0.18673932
49	0.20317422
49	0.18932820
49	0.16864971
49	0.16335636
49	0.16754508
49	0.18716239
49	0.18326481
49	0.18020913
49	0.20269899
49	0.16593806
49	0.19319054
49	0.19423817
49	0.16998105
49	0.17864713
49	0.18935651
49	0.18597706
49	0.19970331
49	0.17523530
49	0.22075727
49	0.17500840
49	0.21596610
49	0.19625155
49	0.18180057
49	0.17675133
49	0.17691334
50	0.17142929
50	0.18466934
50	0.15426018
50	0.20464543
50	0.14614280
50	0.17388028
50	0.19422348
50	0.16722666
50	0.15183541
50	0.18190527
50	0.20818503
50	0.18242648
50	0.16708326
50	0.19786290
50	0.16396070
50	0.17728515
50	0.15094090
50	0.19203793
50	0.18341808
50	0.15357429
50	0.18990353
50	0.17886529
50	0.18519100
50	0.17334514
50	0.16976239
50	0.15005549
50	0.16232659
50	0.19194767
50	0.13507846
50	0.16415574
50	0.18818540
50	0.15449560
0	0.22475528
0	0.25232292
0	0.21670728
0	0.25462296
0	0.24788202
0	0.26297583
0	0.24435932
0	0.25628637
0	0.25656541
0	0.23916171
0	0.24501727
0	0.22940373
0	0.25770026
0	0.22285231
0	0.23753922
0	0.26207769
0	0.24375405
0	0.22921023
0	0.23274037
0	0.24532723
0	0.25374448
0	0.23446351
0	0.22789080
0	0.23328508
0	0.25413574
0	0.26421190
0	0.24648001
0	0.24794717
0	0.25003168
0	0.24900789
0	0.24659957
0	0.25013829
0	0.37216543
0	0.35426872
0	0.37602756
0	0.34907138
0	0.35724076
0	0.34133039
0	0.35461501
0	0.33537529
0	0.34156867
0	0.36332397
0	0.34985907
0	0.36506693
0	0.34405681
0	0.35943804
0	0.35807814
0	0.35914693
0	0.35669274
0	0.36765815
0	0.36209115
0	0.34971434
0	0.35368441
0	0.36396458
0	0.36432373
0	0.35969818
0	0.35133095
0	0.34355492
0	0.35736709
0	0.34674965
0	0.34956130
0	0.34935197
0	0.36270490
0	0.34547711
1	0.20456154
1	0.23551161
1	0.22697160
1	0.21291814
1	0.22485183
1	0.20475858
1	0.20388803
1	0.20797027
1	0.22745645
1	0.24146895
1	0.21524802
1	0.22111817
1	0.21342727
1	0.22425748
1	0.21968720
1	0.22137130
1	0.23644908
1	0.22074122
1	0.20470987
1	0.22045919
1	0.20642226
1	0.23052779
1	0.21481313
1	0.20094537
1	0.22120626
1	0.20663429
1	0.21445104
1	0.20883993
1	0.23097327
1	0.20101798
1	0.22650363
1	0.21412541
2	0.33720263
2	0.33944491
2	0.32219294
2	0.32223407
2	0.34212721
2	0.32597773
2	0.34128997
2	0.32673783
2	0.33093271
2	0.33533654
2	0.34110595
2	0.31297482
2	0.34037817
2	0.31180670
2	0.34984638
2	0.32203499
2	0.32575502
2	0.34793439
2	0.34073954
2	0.34482643
2	0.32041944
2	0.32837711
2	0.31972224
2	0.31462186
2	0.33358398
2	0.32777470
2	0.32944002
2	0.34618600
2	0.31810897
2	0.33370173
2	0.31634030
2	0.35187371
3	0.35285231
3	0.33771905
3	0.34755659
3	0.34333712
3	0.34948840
3	0.33570001
3	0.31835599
3	0.32063647
3	0.33049337
3	0.33581583
3	0.35723267
3	0.35699615
3	0.34890216
3	0.34912215
3	0.35386076
3	0.35411424
3	0.36169573
3	0.33580340
3	0.35347351
3	0.36442973
3	0.35412344
3	0.35962581
3	0.34610024
3	0.34497286
3	0.34543242
3	0.35896317
3	0.35423460
3	0.34807935
3	0.36167316
3	0.34081655
3	0.35787858
3	0.33369916
4	0.32364396
4	0.33820433
4	0.32114701
4	0.32816126
4	0.31714481
4	0.31923100
4	0.33836982
4	0.33907945
4	0.32389948
4	0.33507058
4	0.32137725
4	0.30672386
4	0.33335874
4	0.34088851
4	0.33084958
4	0.32311371
4	0.31870900
4	0.32574913
4	0.30988473
4	0.32236800
4	0.31907397
4	0.33629659
4	0.34278741
4	0.31829880
4	0.30244782
4	0.33656000
4	0.33727016
4	0.32963983
4	0.32389767
4	0.32551524
4	0.35302463
4	0.34415782
5	0.32205874
5	0.30113500
5	0.28854776
5	0.30423468
5	0.29945315
5	0.28016949
5	0.28515998
5	0.32328503
5	0.30218329
5	0.29577450
5	0.31933753
5	0.31378151
5	0.31012930
5	0.29329621
5	0.31490812
5	0.32626423
5	0.29688072
5	0.33018604
5	0.31030722
5	0.30793373
5	0.30664501
5	0.32253107
5	0.31041043
5	0.31529082
5	0.29843293
5	0.29540590
5	0.33349982
5	0.30655679
5	0.31909239
5	0.30827545
5	0.28496715
5	0.31694617
6	0.21089782
6	0.22947627
6	0.20239599
6	0.19659053
6	0.20324777
6	0.22901598
6	0.21459768
6	0.21250089
6	0.21953032
6	0.21682622
6	0.21585708
6	0.23355015
6	0.23469989
6	0.19828536
6	0.21879116
6	0.21006051
6	0.21768892
6	0.20258588
6	0.22408582
6	0.19663869
6	0.22812713
6	0.22324392
6	0.23352355
6	0.21274138
6	0.20388357
6	0.23117685
6	0.20802424
6	0.18825167
6	0.20842043
6	0.22430817
6	0.23108804
6	0.21595261
7	0.20582477
7	0.18569921
7	0.19901381
7	0.22814289
7	0.19805489
7	0.19950419
7	0.19439514
7	0.16775202
7	0.20768887
7	0.20089854
7	0.21425171
7	0.21270731
7	0.20512320
7	0.18068145
7	0.17624098
7	0.23654452
7	0.24528219
7	0.21435731
7	0.20230565
7	0.22577647
7	0.22989337
7	0.21417409
7	0.19969070
7	0.17991930
7	0.21307274
7	0.22633827
7	0.20109780
7	0.20304891
7	0.20057030
7	0.19057658
7	0.24333963
7	0.23294075
0	0.35412328
0	0.33932962
0	0.35875634
0	0.33781661
0	0.33615055
0	0.32308607
0	0.33926513
0	0.33175513
0	0.33378205
0	0.34690040
0	0.33592299
0	0.34737301
0	0.33784708
0	0.35084775
0	0.34036460
0	0.32212078
0	0.34406998
0	0.35723272
0	0.35023759
0	0.33579452
0	0.33569113
0	0.34930795
0	0.34881902
0	0.34697834
0	0.33488481
0	0.32395107
0	0.34457504
0	0.33537435
0	0.33800466
0	0.34107134
0	0.33412020
0	0.33465677
0	0.37194339
0	0.34178848
0	0.37296161
0	0.34593668
0	0.34852367
0	0.34321148
0	0.35734113
0	0.33666987
0	0.34274037
0	0.36287554
0	0.35085895
0	0.36228458
0	0.33965520
0	0.36722037
0	0.36104458
0	0.35936765
0	0.36320606
0	0.36601440
0	0.36307103
0	0.34797015
0	0.34900466
0	0.36217876
0	0.36285193
0	0.35639582
0	0.34859073
0	0.33958671
0	0.35040647
0	0.34072915
0	0.34618291
0	0.34790272
0	0.36129410
0	0.34932497
0	0.36801616
0	0.34460364
0	0.37102009
0	0.34346088
0	0.34299909
0	0.32909499
0	0.35513777
0	0.33488669
0	0.34236725
0	0.34662317
0	0.34820437
0	0.35574001
0	0.33917624
0	0.36112260
0	0.34869014
0	0.33260078
0	0.35018340
0	0.36448181
0	0.35940443
0	0.34829881
0	0.33845976
0	0.36081597
0	0.36095659
0	0.35121062
0	0.34530569
0	0.33418264
0	0.34909947
0	0.34575597
0	0.34714342
0	0.34811636
0	0.34800452
0	0.34037157
1	0.20808444
1	0.22782660
1	0.21837430
1	0.20808189
1	0.22028670
1	0.20326601
1	0.20061705
1	0.20990416
1	0.21983238
1	0.24658885
1	0.21325549
1	0.21566294
1	0.20871819
1	0.22797739
1	0.21694464
1	0.22406344
1	0.22839150
1	0.21429652
1	0.20062123
1	0.20412162
1	0.20866875
1	0.23092200
1	0.20678757
1	0.19852248
1	0.21230449
1	0.20169201
1	0.21684913
1	0.20830582
1	0.22186787
1	0.19352398
1	0.21466608
1	0.20769400
2	0.32890943
2	0.34335588
2	0.31910393
2	0.32688508
2	0.34475810
2	0.31832211
2	0.34464022
2	0.34041423
2	0.33986791
2	0.33785187
2	0.34518518
2	0.31966878
2	0.33801719
2	0.31331864
2	0.34356928
2	0.32523367
2	0.32382669
2	0.34875524
2	0.33446278
2	0.34801465
2	0.30352618
2	0.32982610
2	0.31477542
2	0.31738833
2	0.33383756
2	0.32429513
2	0.33126101
2	0.34330763
2	0.31747893
2	0.33502950
2	0.31472382
2	0.35127919
3	0.34841481
3	0.33874942
3	0.34205687
3	0.34998643
3	0.34865123
3	0.33297131
3	0.32041683
3	0.31487865
3	0.33359133
3	0.33954232
3	0.35947907
3	0.35509288
3	0.35587509
3	0.35290491
3	0.35062985
3	0.35798136
3	0.36322425
3	0.34120397
3	0.36200834
3	0.36829909
3	0.36016889
3	0.35601095
3	0.36076839
3	0.34375089
3	0.34720518
3	0.35776872
3	0.35734972
3	0.35245694
3	0.36017791
3	0.34738982
3	0.35907408
3	0.32893927
4	0.33015981
4	0.33902529
4	0.32265850
4	0.32147890
4	0.31583714
4	0.32148381
4	0.32585706
4	0.34827172
4	0.31505044
4	0.33899338
4	0.32076863
4	0.31569722
4	0.34423247
4	0.33886787
4	0.32841039
4	0.32825579
4	0.31319032
4	0.32659283
4	0.31458793
4	0.32333971
4	0.33050293
4	0.31708762
4	0.34493486
4	0.31517382
4	0.30235442
4	0.32807256
4	0.34200003
4	0.32286428
4	0.32747177
4	0.32372164
4	0.34398117
4	0.35177681
5	0.34132503
5	0.32041099
5	0.30878489
5	0.32650833
5	0.31298894
5	0.29889764
5	0.29983907
5	0.32592988
5	0.32559173
5	0.30109507
5	0.32778887
5	0.32114208
5	0.33753176
5	0.31150672
5	0.32347870
5	0.32614933
5	0.32947470
5	0.34580955
5	0.33009175
5	0.32533191
5	0.33025685
5	0.33137479
5	0.33172741
5	0.31775106
5	0.31414557
5	0.31599734
5	0.33534179
5	0.32213927
5	0.33018533
5	0.30794701
5	0.32309530
5	0.32539639
6	0.19915258
6	0.18895678
6	0.18296779
6	0.17558970
6	0.18238933
6	0.19385608
6	0.18318336
6	0.18404202
6	0.18915206
6	0.19075106
6	0.18520678
6	0.20567795
6	0.20589030
6	0.16808691
6	0.18957931
6	0.17947939
6	0.19739601
6	0.16722736
6	0.18309453
6	0.17618995
6	0.20710680
6	0.21151537
6	0.20628512
6	0.18870475
6	0.17769687
6	0.19531895
6	0.18244970
6	0.16308372
6	0.18491377
6	0.20151930
6	0.20843869
6	0.18568975
7	0.17318075
7	0.16790304
7	0.17403422
7	0.19874975
7	0.17167106
7	0.17998948
7	0.18255341
7	0.15631930
7	0.17619126
7	0.19026389
7	0.18480884
7	0.18300383
7	0.17667604
7	0.16241459
7	0.17263336
7	0.19991576
7	0.21979649
7	0.19238272
7	0.16873121
7	0.19851622
7	0.21386701
7	0.18448318
7	0.17590496
7	0.16521571
7	0.18420316
7	0.19788722
7	0.18163801
7	0.18615161
7	0.17341223
7	0.16710957
7	0.21487398
7	0.20420700
8	0.29721803
8	0.29982285
8	0.28632310
8	0.29609361
8	0.28354747
8	0.28871487
8	0.29832677
8	0.30330050
8	0.29553720
8	0.29402674
8	0.29117102
8	0.29218971
8	0.29153942
8	0.30949066
8	0.29405180
8	0.29680849
8	0.29940291
8	0.28345297
8	0.29077842
8	0.29758605
8	0.29616657
8	0.29294081
8	0.29437875
8	0.30547381
8	0.28800005
8	0.30362865
8	0.28988836
8	0.30068318
8	0.28422294
8	0.28787836
8	0.29427036
8	0.29502137
9	0.29334236
9	0.29237304
9	0.29359246
9	0.29164950
9	0.29264021
9	0.28120543
9	0.29753044
9	0.30025357
9	0.28807144
9	0.29418284
9	0.28907304
9	0.29298767
9	0.28592418
9	0.28621117
9	0.28181993
9	0.29412021
9	0.27761597
9	0.29185581
9	0.28255116
9	0.29745223
9	0.29449741
9	0.28861152
9	0.28428761
9	0.29633903
9	0.28900369
9	0.28605209
9	0.29133313
9	0.27692560
9	0.29588914
9	0.28976876
9	0.28644290
9	0.29182412
10	0.24914017
10	0.24652232
10	0.24357363
10	0.25610097
10	0.24861155
10	0.24433807
10	0.23552190
10	0.25030629
10	0.24102119
10	0.25232326
10	0.23991973
10	0.25288246
10	0.24300531
10	0.23587835
10	0.23852666
10	0.24729614
10	0.24122091
10	0.25050053
10	0.23874690
10	0.23714576
10	0.22576737
10	0.24526425
10	0.25537199
10	0.25136579
10	0.24367571
10	0.25468966
10	0.23519089
10	0.24921353
10	0.24155575
10	0.25478379
10	0.23247201
10	0.24212504
0	0.24103919
0	0.25988300
0	0.23452928
0	0.26148878
0	0.25958371
0	0.27544633
0	0.25581435
0	0.27300196
0	0.26766290
0	0.25422372
0	0.25872277
0	0.24868080
0	0.26600970
0	0.24651060
0	0.26330392
0	0.27286596
0	0.25686026
0	0.23901052
0	0.25446320
0	0.26300772
0	0.26760002
0	0.25411078
0	0.25110837
0	0.25621816
0	0.26393682
0	0.27580142
0	0.26001827
0	0.26711251
0	0.25750146
0	0.26245413
0	0.26287737
0	0.26763944
0	0.37023421
0	0.35125157
0	0.37445948
0	0.34496950
0	0.34955032
0	0.32570682
1	0.20703135
1	0.23088713
1	0.21554773
1	0.20457633
1	0.22336663
1	0.20082855
1	0.19829695
1	0.19616191
1	0.21994101
1	0.23785196
1	0.21273934
1	0.21048432
1	0.20411291
1	0.22308852
1	0.21209705
1	0.22526070
1	0.22846689
1	0.21223811
1	0.19859528
1	0.20258397
1	0.19906297
1	0.22886915
1	0.20482081
1	0.19684782
1	0.20544427
1	0.20440451
1	0.20280233
1	0.20295784
1	0.21228898
1	0.19398354
1	0.21670333
1	0.21034535
2	0.33464282
2	0.35834952
2	0.33487173
2	0.33643292
2	0.35853709
2	0.34116234
2	0.35462789
2	0.34121438
2	0.34635646
2	0.35021150
2	0.35084623
2	0.32869878
2	0.34404119
2	0.33332739
2	0.35412894
2	0.33186540
0	0.24630842
0	0.22923860
0	0.20585483
0	0.23833393
0	0.25872316
0	0.24595202
0	0.24981858
0	0.23716833
0	0.23584358
0	0.20941912
0	0.24042109
0	0.24770814
0	0.23740530
0	0.26050771
0	0.25273062
0	0.25929343
0	0.23647301
0	0.25435565
0	0.23587760
0	0.25629425
0	0.27206143
0	0.20334867
0	0.18720317
0	0.20204681
0	0.18921486
0	0.19666001
0	0.20763815
0	0.17590515
0	0.17352223
0	0.22776716
0	0.18763234
0	0.20673429
0	0.18219181
0	0.19244608
0	0.20484755
0	0.20194922
0	0.17060108
0	0.19740837
0	0.19088733
0	0.18159432
0	0.18763192
0	0.18302959
0	0.18798259
0	0.18422027
0	0.20823706
0	0.18649420
0	0.19477876
0	0.20242132
0	0.22130194
0	0.19375824
0	0.18031888
0	0.19036894
0	0.19787002
0	0.24101796
0	0.39498361
0	0.24711177
0	0.19419278
0	0.18260001
0	0.17983871
0	0.18204070
0	0.19050545
0	0.19415049
0	0.16343003
0	0.19356943
0	0.19568164
0	0.16423240
0	0.19778103
0	0.18975008
0	0.20336549
0	0.17903749
0	0.18283380
0	0.19722292
0	0.17498173
0	0.18612422
0	0.17739310
0	0.17401887
0	0.17043742
0	0.18629230
0	0.18763163
0	0.17556356
0	0.19522418
0	0.21410990
0	0.19103753
0	0.16704859
0	0.17962671
0	0.19224348
0	0.17782480
0	0.18433968
0	0.16086975
0	0.19256923
0	0.16782468
0	0.19848980
0	0.21541256
0	0.21323705
0	0.20262519
0	0.21253571
0	0.20668524
0	0.21654325
0	0.19321246
0	0.23024266
0	0.20445575
0	0.22243289
0	0.20707936
0	0.20493610
0	0.22289818
0	0.19502834
0	0.21003623
0	0.20836033
0	0.20575791
0	0.20032236
0	0.20031519
0	0.21393180
0	0.21169286
0	0.20584558
0	0.21359161
0	0.21424897
0	0.23535221
0	0.20624668
0	0.20023882
0	0.21170547
0	0.21735644
0	0.20661694
0	0.21030292
0	0.19413918
1	0.19017399
1	0.19292187
1	0.20067881
1	0.19191220
1	0.20580218
1	0.20795184
1	0.19436304
